{
    "brand_name": "Deriv",
    "brand_domain": "deriv.com",
    "brand_hostname": {
        "staging": "staging-home.deriv.com/dashboard",
        "production": "home.deriv.com/dashboard"
    },
    "domain_name": "Deriv.com",
    "colors": {
        "primary": "#ff444f",
        "secondary": "#85acb0",
        "tertiary": "#2a3052",
        "success": "#4bb4b3",
        "danger": "#cc2e3d",
        "warning": "#ffad3a",
        "info": "#377cfc",
        "neutral": "#999999",
        "black": "#151717",
        "white": "#ffffff",
        "grey": {
            "50": "#f2f3f4",
            "100": "#e6e9e9",
            "200": "#d6dadb",
            "300": "#b0b3b3",
            "400": "#999999",
            "500": "#6e6e6e",
            "600": "#5c5c5c",
            "700": "#424242",
            "800": "#2a2a2a",
            "900": "#151717"
        }
    },
    "color_variants": {
        "light_variants": [100, 200, 300, 400, 500],
        "dark_variants": [600, 700, 800, 900],
        "opacity_variants": [10, 20, 30, 40, 50, 60, 70, 80, 90]
    },
    "theme_config": {
        "enable_dynamic_themes": true,
        "auto_generate_variants": true,
        "css_variable_prefix": "--brand"
    },
    "platform": {
        "name": "Deriv Bot",
        "logo": "IcRebrandingDerivBot",
        "hostname": {
            "production": {
                "com": "bot.deriv.com",
                "be": "bot.deriv.be",
                "me": "bot.deriv.me"
            },
            "staging": {
                "com": "staging-bot.deriv.com",
                "be": "staging-bot.deriv.be",
                "me": "staging-bot.deriv.me"
            }
        },
        "websocket_servers": {
            "staging": "staging-api-core.deriv.com/options/v1/ws",
            "production": "api-core.deriv.com/options/v1/ws"
        },
        "whoami_endpoint": {
            "staging": "https://staging-auth.deriv.com/sessions/whoami",
            "production": "https://auth.deriv.com/sessions/whoami"
        },
        "logout_endpoint": {
            "staging": "https://staging-auth.deriv.com/self-service/logout/browser",
            "production": "https://auth.deriv.com/self-service/logout/browser"
        },
        "auth_urls": {
            "production": {
                "login": "https://home.deriv.com/dashboard/login",
                "signup": "https://home.deriv.com/dashboard/signup"
            },
            "staging": {
                "login": "https://staging-home.deriv.com/dashboard/login",
                "signup": "https://staging-home.deriv.com/dashboard/signup"
            }
        },
        "auth2_url": {
            "production": "https://auth.deriv.com/oauth2/",
            "staging": "https://staging-auth.deriv.com/oauth2/"
        },
        "derivws": {
            "url": {
                "staging": "https://staging-api.derivws.com/trading/v1/",
                "production": "https://api.derivws.com/trading/v1/"
            },
            "directories": {
                "options": "options/",
                "derivatives": "derivatives/"
            }
        }
    }
}
